{"name":"Bei ya soko mazao yatokanayo na mizizi","created":"2014-05-19T06:19:31.952+0000","lastUpdated":"2014-05-26T17:58:41.239+0000","shortName":"Bei ya soko mazao yatokanayo na mizizi","active":true,"domainType":"aggregate","type":"int","numberType":"number","aggregationOperator":"sum","categoryCombo":{"name":"Mazao yatokanayo na mizizi","created":"2014-05-19T06:16:45.656+0000","lastUpdated":"2014-05-26T17:58:40.763+0000","href":"http://localhost:8000/api/categoryCombos/JrDQxdZBq2Y","id":"JrDQxdZBq2Y"},"dataSets":[{"name":"District Monthly Report","created":"2014-05-19T09:40:34.649+0000","lastUpdated":"2014-05-29T03:52:35.232+0000","href":"http://localhost:8000/api/dataSets/Ba9mZCFaUCV","id":"Ba9mZCFaUCV"}],"zeroIsSignificant":false,"legendSet":null,"access":{"manage":true,"externalize":false,"write":true,"read":true,"update":true,"delete":true},"href":"http://localhost:8000/api/dataElements/b3xPviE2fk8","id":"b3xPviE2fk8","dataElementGroups":[{"code":"Extensions","name":"Extensions","created":"2014-05-23T11:52:11.761+0000","lastUpdated":"2014-05-23T11:52:11.761+0000","href":"http://localhost:8000/api/dataElementGroups/xvjv5MJR6Wx","id":"xvjv5MJR6Wx"}]}