{"name":"Eneo la Umwagiliaji na Hali ya Skimu","created":"2014-05-14T09:30:18.348+0000","lastUpdated":"2014-05-26T17:58:40.742+0000","categories":[{"name":"Aina Ya Skimu za Umwagiliaji","created":"2014-05-14T09:27:50.200+0000","lastUpdated":"2014-05-26T17:58:40.496+0000","href":"http://localhost:8000/api/dimensions/FnbgbBbEUYj","id":"FnbgbBbEUYj"},{"name":"Muda wa Umwagiliaji","created":"2014-05-14T09:26:49.759+0000","lastUpdated":"2014-05-26T17:58:40.493+0000","href":"http://localhost:8000/api/dimensions/bAtHSLu70HC","id":"bAtHSLu70HC"},{"name":"Hali ya Eneo la Umwagiliaji","created":"2014-05-14T09:25:37.349+0000","lastUpdated":"2014-05-26T17:58:40.490+0000","href":"http://localhost:8000/api/dimensions/erj9uE4I1jz","id":"erj9uE4I1jz"}],"dimensionType":"disaggregation","skipTotal":false,"href":"http://localhost:8000/api/categoryCombos/ib3kcYCOzFA","id":"ib3kcYCOzFA","categoryOptionCombos":[{"name":"(Skimu iliyo endelezwa, Hali mbaya ya chakula, Linalomwagiliwa masika/vuli)","created":"2014-05-14T09:30:18.409+0000","lastUpdated":"2014-05-26T17:58:40.828+0000","href":"http://localhost:8000/api/categoryOptionCombos/SNcOdPnbIBc","id":"SNcOdPnbIBc"},{"name":"(Skimu Asili, Linalomwagiliwa kiangazi, Hali ya wastani ya chakula)","created":"2014-05-14T09:30:18.413+0000","lastUpdated":"2014-05-26T17:58:40.828+0000","href":"http://localhost:8000/api/categoryOptionCombos/nH1xdsPXPJW","id":"nH1xdsPXPJW"},{"name":"(Skimu Asili, Hali mbaya ya chakula, Linalomwagiliwa masika/vuli)","created":"2014-05-14T09:30:18.416+0000","lastUpdated":"2014-05-26T17:58:40.828+0000","href":"http://localhost:8000/api/categoryOptionCombos/zZ9MovhAf8K","id":"zZ9MovhAf8K"},{"name":"(Skimu Asili, Linalomwagiliwa masika/vuli, Hali nzuri ya chakula)","created":"2014-05-14T09:30:18.422+0000","lastUpdated":"2014-05-26T17:58:40.829+0000","href":"http://localhost:8000/api/categoryOptionCombos/WIM2Etm7F85","id":"WIM2Etm7F85"},{"name":"(Skimu Asili, Linalomwagiliwa masika/vuli, Hali ya wastani ya chakula)","created":"2014-05-14T09:30:18.419+0000","lastUpdated":"2014-05-26T17:58:40.829+0000","href":"http://localhost:8000/api/categoryOptionCombos/Wc5NzqxLwIo","id":"Wc5NzqxLwIo"},{"name":"(Skimu iliyo endelezwa, Linalomwagiliwa masika/vuli, Hali ya wastani ya chakula)","created":"2014-05-14T09:30:18.426+0000","lastUpdated":"2014-05-26T17:58:40.829+0000","href":"http://localhost:8000/api/categoryOptionCombos/AQ8TGuv6rvJ","id":"AQ8TGuv6rvJ"},{"name":"(Skimu iliyo endelezwa, Linalomwagiliwa kiangazi, Hali ya wastani ya chakula)","created":"2014-05-14T09:30:18.428+0000","lastUpdated":"2014-05-26T17:58:40.830+0000","href":"http://localhost:8000/api/categoryOptionCombos/TfyYjYDm3Tf","id":"TfyYjYDm3Tf"},{"name":"(Skimu Asili, Hali ya wastani ya chakula, Linalomwagiliwa muda wote)","created":"2014-05-14T09:30:18.431+0000","lastUpdated":"2014-05-26T17:58:40.830+0000","href":"http://localhost:8000/api/categoryOptionCombos/JyE1d0GrqPI","id":"JyE1d0GrqPI"},{"name":"(Skimu Asili, Linalomwagiliwa masika/vuli, Lenye Hali isiyojulikana)","created":"2014-05-14T09:30:18.435+0000","lastUpdated":"2014-05-26T17:58:40.831+0000","href":"http://localhost:8000/api/categoryOptionCombos/ahKxAiOa9pg","id":"ahKxAiOa9pg"},{"name":"(Skimu iliyo endelezwa, Linalomwagiliwa kiangazi, Lenye Hali isiyojulikana)","created":"2014-05-14T09:30:18.433+0000","lastUpdated":"2014-05-26T17:58:40.830+0000","href":"http://localhost:8000/api/categoryOptionCombos/me3tR5f1P9w","id":"me3tR5f1P9w"},{"name":"(Skimu iliyo endelezwa, Hali nzuri ya chakula, Linalomwagiliwa kiangazi)","created":"2014-05-14T09:30:18.438+0000","lastUpdated":"2014-05-26T17:58:40.831+0000","href":"http://localhost:8000/api/categoryOptionCombos/a2SmA9n3vap","id":"a2SmA9n3vap"},{"name":"(Skimu Asili, Hali nzuri ya chakula, Linalomwagiliwa muda wote)","created":"2014-05-14T09:30:18.440+0000","lastUpdated":"2014-05-26T17:58:40.831+0000","href":"http://localhost:8000/api/categoryOptionCombos/iAVAofZswcu","id":"iAVAofZswcu"},{"name":"(Skimu iliyo endelezwa, Hali nzuri ya chakula, Linalomwagiliwa muda wote)","created":"2014-05-14T09:30:18.442+0000","lastUpdated":"2014-05-26T17:58:40.832+0000","href":"http://localhost:8000/api/categoryOptionCombos/rkDQJat5Opn","id":"rkDQJat5Opn"},{"name":"(Skimu Asili, Hali nzuri ya chakula, Linalomwagiliwa kiangazi)","created":"2014-05-14T09:30:18.445+0000","lastUpdated":"2014-05-26T17:58:40.832+0000","href":"http://localhost:8000/api/categoryOptionCombos/ohvsjDgOYKv","id":"ohvsjDgOYKv"},{"name":"(Skimu iliyo endelezwa, Hali ya wastani ya chakula, Linalomwagiliwa muda wote)","created":"2014-05-14T09:30:18.448+0000","lastUpdated":"2014-05-26T17:58:40.832+0000","href":"http://localhost:8000/api/categoryOptionCombos/v8kTS5hC9yH","id":"v8kTS5hC9yH"},{"name":"(Skimu Asili, Hali mbaya ya chakula, Linalomwagiliwa kiangazi)","created":"2014-05-14T09:30:18.450+0000","lastUpdated":"2014-05-26T17:58:40.833+0000","href":"http://localhost:8000/api/categoryOptionCombos/GbE0Xlj1f5w","id":"GbE0Xlj1f5w"},{"name":"(Skimu iliyo endelezwa, Hali mbaya ya chakula, Linalomwagiliwa muda wote)","created":"2014-05-14T09:30:18.453+0000","lastUpdated":"2014-05-26T17:58:40.833+0000","href":"http://localhost:8000/api/categoryOptionCombos/rLDWjBkhe0E","id":"rLDWjBkhe0E"},{"name":"(Skimu Asili, Linalomwagiliwa muda wote, Lenye Hali isiyojulikana)","created":"2014-05-14T09:30:18.455+0000","lastUpdated":"2014-05-26T17:58:40.833+0000","href":"http://localhost:8000/api/categoryOptionCombos/Lw47qliGBrF","id":"Lw47qliGBrF"},{"name":"(Skimu Asili, Hali mbaya ya chakula, Linalomwagiliwa muda wote)","created":"2014-05-14T09:30:18.457+0000","lastUpdated":"2014-05-26T17:58:40.834+0000","href":"http://localhost:8000/api/categoryOptionCombos/JqHXUuZKkpR","id":"JqHXUuZKkpR"},{"name":"(Skimu Asili, Linalomwagiliwa kiangazi, Lenye Hali isiyojulikana)","created":"2014-05-14T09:30:18.460+0000","lastUpdated":"2014-05-26T17:58:40.834+0000","href":"http://localhost:8000/api/categoryOptionCombos/dIsnvQN1NlT","id":"dIsnvQN1NlT"},{"name":"(Skimu iliyo endelezwa, Hali mbaya ya chakula, Linalomwagiliwa kiangazi)","created":"2014-05-14T09:30:18.462+0000","lastUpdated":"2014-05-26T17:58:40.834+0000","href":"http://localhost:8000/api/categoryOptionCombos/sgUED9bU4vL","id":"sgUED9bU4vL"},{"name":"(Skimu iliyo endelezwa, Linalomwagiliwa muda wote, Lenye Hali isiyojulikana)","created":"2014-05-14T09:30:18.464+0000","lastUpdated":"2014-05-26T17:58:40.835+0000","href":"http://localhost:8000/api/categoryOptionCombos/sZSp3KAF94j","id":"sZSp3KAF94j"},{"name":"(Skimu iliyo endelezwa, Linalomwagiliwa masika/vuli, Lenye Hali isiyojulikana)","created":"2014-05-14T09:30:18.466+0000","lastUpdated":"2014-05-26T17:58:40.835+0000","href":"http://localhost:8000/api/categoryOptionCombos/CyuOcmevCSv","id":"CyuOcmevCSv"},{"name":"(Skimu iliyo endelezwa, Linalomwagiliwa masika/vuli, Hali nzuri ya chakula)","created":"2014-05-14T09:30:18.469+0000","lastUpdated":"2014-05-26T17:58:40.835+0000","href":"http://localhost:8000/api/categoryOptionCombos/kBgel4dFppb","id":"kBgel4dFppb"}]}