{"name":"Mazao yatokanayo na mizizi","created":"2014-05-19T06:16:45.656+0000","lastUpdated":"2014-05-26T17:58:40.763+0000","categories":[{"name":"Mazao yatokanayo na mizizi","created":"2014-05-19T06:16:30.582+0000","lastUpdated":"2014-05-26T17:58:40.468+0000","href":"http://localhost:8000/api/dimensions/O04CS29BD6j","id":"O04CS29BD6j"}],"dimensionType":"disaggregation","skipTotal":false,"href":"http://localhost:8000/api/categoryCombos/JrDQxdZBq2Y","id":"JrDQxdZBq2Y","categoryOptionCombos":[{"name":"(Viazi vikuu)","created":"2014-05-19T06:16:45.684+0000","lastUpdated":"2014-05-26T17:58:40.917+0000","href":"http://localhost:8000/api/categoryOptionCombos/YkeweM90DZt","id":"YkeweM90DZt"},{"name":"(Mihogo)","created":"2014-05-19T06:16:45.688+0000","lastUpdated":"2014-05-26T17:58:40.917+0000","href":"http://localhost:8000/api/categoryOptionCombos/ql8bSsHEnUN","id":"ql8bSsHEnUN"},{"name":"(Viazi mviringo)","created":"2014-05-19T06:16:45.696+0000","lastUpdated":"2014-05-26T17:58:40.917+0000","href":"http://localhost:8000/api/categoryOptionCombos/YwRiKDxpYON","id":"YwRiKDxpYON"},{"name":"(Viazi vitamu)","created":"2014-05-19T06:16:45.692+0000","lastUpdated":"2014-05-26T17:58:40.917+0000","href":"http://localhost:8000/api/categoryOptionCombos/pcsiYqIW4kJ","id":"pcsiYqIW4kJ"},{"name":"(Gimbi )","created":"2014-05-19T06:16:45.699+0000","lastUpdated":"2014-05-26T17:58:40.918+0000","href":"http://localhost:8000/api/categoryOptionCombos/pjXHRQQXIhg","id":"pjXHRQQXIhg"}]}