{"name":"Eneo linalo faa kwa umwagiliaji/Eneo lililomwagiliwa","created":"2014-05-14T09:30:45.846+0000","lastUpdated":"2014-05-26T17:58:41.105+0000","shortName":"Eneo linalo faa kwa umwagiliaji","active":true,"domainType":"aggregate","type":"int","numberType":"number","aggregationOperator":"sum","categoryCombo":{"name":"Eneo la Umwagiliaji na Hali ya Skimu","created":"2014-05-14T09:30:18.348+0000","lastUpdated":"2014-05-26T17:58:40.742+0000","href":"http://localhost:8000/api/categoryCombos/ib3kcYCOzFA","id":"ib3kcYCOzFA"},"dataSets":[{"name":"District Annual Report","created":"2014-05-14T16:36:52.342+0000","lastUpdated":"2014-05-29T03:37:52.766+0000","href":"http://localhost:8000/api/dataSets/p3R3pn2tbCc","id":"p3R3pn2tbCc"}],"zeroIsSignificant":false,"legendSet":null,"access":{"manage":true,"externalize":false,"write":true,"read":true,"update":true,"delete":true},"href":"http://localhost:8000/api/dataElements/TsLcSscGfjf","id":"TsLcSscGfjf","dataElementGroups":[{"code":"Extensions","name":"Extensions","created":"2014-05-23T11:52:11.761+0000","lastUpdated":"2014-05-23T11:52:11.761+0000","href":"http://localhost:8000/api/dataElementGroups/xvjv5MJR6Wx","id":"xvjv5MJR6Wx"}]}