{"headers":[{"name":"dx","column":"Data","type":"java.lang.String","hidden":false,"meta":true},{"name":"ou","column":"Organisation unit","type":"java.lang.String","hidden":false,"meta":true},{"name":"value","column":"Value","type":"java.lang.Double","hidden":false,"meta":false}],"metaData":{"pe":["2011July","2012July","2013July"],"co":[],"ou":["QodXYQxhHzV","S4WbqR1P0dA","gWiWKvbD0zH","iPOwn2LlQ2e","jsmCsZqDV8r","k5Xsii5SdeH","mBBKzZonsgl","xA4ZniCM17O"],"names":{"xA4ZniCM17O":"Dodoma","2012July":"01 Jul 2012 to 30 Jun 2013","S4WbqR1P0dA":"Geita","ou":"Organisation unit","dx":"Data","D011eAOBdwv":"Ukubwa wa eneo lililopimwa kwa ajili ya malisho","2013July":"01 Jul 2013 to 30 Jun 2014","jsmCsZqDV8r":"Dar es salaam","iPOwn2LlQ2e":"Arusha","QodXYQxhHzV":"Kagera","Yt4c1j220Ka":"Ukubwa wa eneo linalo milikiwa kisheria","2011July":"01 Jul 2011 to 30 Jun 2012","pe":"Period","r5JVZGtFK9J":"Eneo linalo tumika","gWiWKvbD0zH":"Kigoma","qYscvzEMnk9":"Idadi ya wanyama","t6kU7J6HAzf":"Eneo la malisho ya mifugo","k5Xsii5SdeH":"Iringa","mBBKzZonsgl":"Katavi","C2whKJ573rQ":"Eneo la mashamba yaliyotumika kwa malisho"}},"height":25,"rows":[["r5JVZGtFK9J","jsmCsZqDV8r","78.0"],["D011eAOBdwv","jsmCsZqDV8r","244.0"],["Yt4c1j220Ka","xA4ZniCM17O","700.0"],["t6kU7J6HAzf","mBBKzZonsgl","24.0"],["C2whKJ573rQ","jsmCsZqDV8r","2070.0"],["Yt4c1j220Ka","S4WbqR1P0dA","422.0"],["t6kU7J6HAzf","S4WbqR1P0dA","192.0"],["C2whKJ573rQ","mBBKzZonsgl","128.0"],["t6kU7J6HAzf","xA4ZniCM17O","278.0"],["t6kU7J6HAzf","jsmCsZqDV8r","20.0"],["Yt4c1j220Ka","jsmCsZqDV8r","226.0"],["C2whKJ573rQ","xA4ZniCM17O","2286.0"],["Yt4c1j220Ka","k5Xsii5SdeH","308.0"],["Yt4c1j220Ka","mBBKzZonsgl","234.0"],["D011eAOBdwv","mBBKzZonsgl","86.0"],["r5JVZGtFK9J","mBBKzZonsgl","206.0"],["r5JVZGtFK9J","xA4ZniCM17O","1572.0"],["t6kU7J6HAzf","k5Xsii5SdeH","128.0"],["r5JVZGtFK9J","k5Xsii5SdeH","344.0"],["D011eAOBdwv","xA4ZniCM17O","15840.0"],["C2whKJ573rQ","k5Xsii5SdeH","286.0"],["C2whKJ573rQ","S4WbqR1P0dA","812.0"],["D011eAOBdwv","S4WbqR1P0dA","1616.0"],["r5JVZGtFK9J","S4WbqR1P0dA","262.0"],["D011eAOBdwv","k5Xsii5SdeH","490.0"]],"width":3}