{"headers":[{"name":"dx","column":"Data","type":"java.lang.String","hidden":false,"meta":true},{"name":"pe","column":"Period","type":"java.lang.String","hidden":false,"meta":true},{"name":"value","column":"Value","type":"java.lang.Double","hidden":false,"meta":false}],"metaData":{"pe":["2011July","2012July"],"co":[],"ou":["bB9CfcxXD7T","GWEtuPicnbB","gWiWKvbD0zH","k5Xsii5SdeH","m3YxzMftDAw","mBBKzZonsgl","r36C5FfnT9j","RYuShv7wihx","S4WbqR1P0dA","UVMX3BjPeSp","xA4ZniCM17O"],"names":{"UVMX3BjPeSp":"Mtwara","bB9CfcxXD7T":"Njombe","xA4ZniCM17O":"Dodoma","S4WbqR1P0dA":"Geita","ou":"Organisation unit","2012July":"01 Jul 2012 to 30 Jun 2013","dx":"Data","D011eAOBdwv":"Ukubwa wa eneo lililopimwa kwa ajili ya malisho","GWEtuPicnbB":"Mbeya","Yt4c1j220Ka":"Ukubwa wa eneo linalo milikiwa kisheria","pe":"Period","2011July":"01 Jul 2011 to 30 Jun 2012","r36C5FfnT9j":"Morogoro","m3YxzMftDAw":"Mara","r5JVZGtFK9J":"Eneo linalo tumika","gWiWKvbD0zH":"Kigoma","qYscvzEMnk9":"Idadi ya wanyama","RYuShv7wihx":"Lindi","t6kU7J6HAzf":"Eneo la malisho ya mifugo","k5Xsii5SdeH":"Iringa","mBBKzZonsgl":"Katavi","C2whKJ573rQ":"Eneo la mashamba yaliyotumika kwa malisho"}},"height":5,"rows":[["Yt4c1j220Ka","2012July","5114.0"],["C2whKJ573rQ","2012July","8622.0"],["D011eAOBdwv","2012July","21188.0"],["t6kU7J6HAzf","2012July","2062.0"],["r5JVZGtFK9J","2012July","27138.0"]],"width":3}