{"title":"Eneo La malisho ya Wanyama(Grazing Land)","headers":[{"name":"Period ID","column":"periodid","type":"java.lang.String","hidden":true,"meta":true},{"name":"Period","column":"periodname","type":"java.lang.String","hidden":false,"meta":true},{"name":"Period code","column":"periodcode","type":"java.lang.String","hidden":true,"meta":true},{"name":"Period description","column":"perioddescription","type":"java.lang.String","hidden":true,"meta":true},{"name":"Organisation unit ID","column":"organisationunitid","type":"java.lang.String","hidden":true,"meta":true},{"name":"Organisation unit","column":"organisationunitname","type":"java.lang.String","hidden":false,"meta":true},{"name":"Organisation unit code","column":"organisationunitcode","type":"java.lang.String","hidden":true,"meta":true},{"name":"Organisation unit description","column":"organisationunitdescription","type":"java.lang.String","hidden":true,"meta":true},{"name":"Reporting month","column":"reporting_month_name","type":"java.lang.String","hidden":true,"meta":true},{"name":"Organisation unit parameter","column":"param_organisationunit_name","type":"java.lang.String","hidden":true,"meta":true},{"name":"Organisation unit is parent","column":"organisation_unit_is_parent","type":"java.lang.String","hidden":true,"meta":true},{"name":"Eneo la malisho ya mifugo","column":"eneo la malisho ya mifugo","type":"java.lang.Double","hidden":false,"meta":false},{"name":"Eneo la mashamba yaliyotumika kwa malish","column":"eneo la mashamba yaliyotumika kwa malish","type":"java.lang.Double","hidden":false,"meta":false},{"name":"Eneo linalo tumika","column":"eneo linalo tumika","type":"java.lang.Double","hidden":false,"meta":false},{"name":"Idadi ya wanyama","column":"idadi ya wanyama","type":"java.lang.Double","hidden":false,"meta":false},{"name":"Ukubwa wa eneo lililopimwa","column":"ukubwa wa eneo lililopimwa","type":"java.lang.Double","hidden":false,"meta":false},{"name":"Ukubwa wa eneo linalo milikiwa kisheria","column":"ukubwa wa eneo linalo milikiwa kisheria","type":"java.lang.Double","hidden":false,"meta":false}],"rows":[["2012July","01 Jul 2012 to 30 Jun 2013","2012July","","TJBqTEAnLys","Tabora","","","June 2014","Tanzania","No","164.0","8109.0","554.0","","1135.0","534.0"],["2012July","01 Jul 2012 to 30 Jun 2013","2012July","","xA4ZniCM17O","Dodoma","","","June 2014","Tanzania","No","139.0","1143.0","786.0","","7920.0","350.0"],["2012July","01 Jul 2012 to 30 Jun 2013","2012July","","S4WbqR1P0dA","Geita","","","June 2014","Tanzania","No","96.0","406.0","131.0","","808.0","211.0"],["2012July","01 Jul 2012 to 30 Jun 2013","2012July","","RhIJ4bk7FQC","Rukwa","","","June 2014","Tanzania","No","19.0","100.0","311.0","","304.0","298.0"],["2012July","01 Jul 2012 to 30 Jun 2013","2012July","","GWEtuPicnbB","Mbeya","","","June 2014","Tanzania","No","697.0","1646.0","2687.0","","1381.0","1402.0"],["2012July","01 Jul 2012 to 30 Jun 2013","2012July","","jsmCsZqDV8r","Dar es salaam","","","June 2014","Tanzania","No","10.0","1035.0","39.0","","122.0","113.0"],["2012July","01 Jul 2012 to 30 Jun 2013","2012July","","XzFnG3cxNcB","Simiyu","","","June 2014","Tanzania","No","98.0","1029.0","474.0","","327.0","244.0"],["2012July","01 Jul 2012 to 30 Jun 2013","2012July","","k5Xsii5SdeH","Iringa","","","June 2014","Tanzania","No","64.0","143.0","172.0","","245.0","154.0"],["2012July","01 Jul 2012 to 30 Jun 2013","2012July","","mBBKzZonsgl","Katavi","","","June 2014","Tanzania","No","12.0","64.0","103.0","","43.0","117.0"],["2012July","01 Jul 2012 to 30 Jun 2013","2012July","","BdN28yT5pWy","Manyara","","","June 2014","Tanzania","No","8424.0","36479.0","15901.0","","33284.0","679132.0"],["2012July","01 Jul 2012 to 30 Jun 2013","2012July","","zs9X8YYBOnK","Tanzania","","","June 2014","Tanzania","No","9746.0","51063.0","30848.0","","45766.0","682878.0"]],"height":11,"width":17}