{"title":"UKUBWA WA ENEO","headers":[{"name":"Organisation unit ID","column":"organisationunitid","type":"java.lang.String","hidden":true,"meta":true},{"name":"Organisation unit","column":"organisationunitname","type":"java.lang.String","hidden":false,"meta":true},{"name":"Organisation unit code","column":"organisationunitcode","type":"java.lang.String","hidden":true,"meta":true},{"name":"Organisation unit description","column":"organisationunitdescription","type":"java.lang.String","hidden":true,"meta":true},{"name":"Reporting month","column":"reporting_month_name","type":"java.lang.String","hidden":true,"meta":true},{"name":"Organisation unit parameter","column":"param_organisationunit_name","type":"java.lang.String","hidden":true,"meta":true},{"name":"Organisation unit is parent","column":"organisation_unit_is_parent","type":"java.lang.String","hidden":true,"meta":true},{"name":"2010 Ukubwa wa eneo la kulishia","column":"2010_ukubwa wa eneo la kulishia","type":"java.lang.Double","hidden":false,"meta":false},{"name":"2010 Ukubwa wa eneo lililopimwa","column":"2010_ukubwa wa eneo lililopimwa","type":"java.lang.Double","hidden":false,"meta":false},{"name":"2010 Ukubwa wa eneo linalo milikiwa kisheria","column":"2010_ukubwa wa eneo linalo milikiwa kisheria","type":"java.lang.Double","hidden":false,"meta":false}],"rows":[["H4A6dniscQm","Ilala","","","","","No","144.0","54.0","23.0"],["QgRFO4lYND6","Kinondoni","","","","","No","45.0","74.0","103.0"],["kTVCzBcYLCU","Temeke","","","","","No","","",""],["jsmCsZqDV8r","Dar es salaam","","","","","No","189.0","128.0","126.0"]],"height":4,"width":10}