{"title":"Hali ya Chakula Vijijini","headers":[{"name":"Period ID","column":"periodid","type":"java.lang.String","hidden":true,"meta":true},{"name":"Period","column":"periodname","type":"java.lang.String","hidden":false,"meta":true},{"name":"Period code","column":"periodcode","type":"java.lang.String","hidden":true,"meta":true},{"name":"Period description","column":"perioddescription","type":"java.lang.String","hidden":true,"meta":true},{"name":"Organisation unit ID","column":"organisationunitid","type":"java.lang.String","hidden":true,"meta":true},{"name":"Organisation unit","column":"organisationunitname","type":"java.lang.String","hidden":false,"meta":true},{"name":"Organisation unit code","column":"organisationunitcode","type":"java.lang.String","hidden":true,"meta":true},{"name":"Organisation unit description","column":"organisationunitdescription","type":"java.lang.String","hidden":true,"meta":true},{"name":"Reporting month","column":"reporting_month_name","type":"java.lang.String","hidden":true,"meta":true},{"name":"Organisation unit parameter","column":"param_organisationunit_name","type":"java.lang.String","hidden":true,"meta":true},{"name":"Organisation unit is parent","column":"organisation_unit_is_parent","type":"java.lang.String","hidden":true,"meta":true},{"name":"Hali ya chakula Vijiji (Hali mbaya ya chakula)","column":"hali ya chakula vijiji_(hali mbaya ya chakula)","type":"java.lang.Double","hidden":false,"meta":false},{"name":"Hali ya chakula Vijiji (Hali nzuri ya chakula)","column":"hali ya chakula vijiji_(hali nzuri ya chakula)","type":"java.lang.Double","hidden":false,"meta":false},{"name":"Hali ya chakula Vijiji (Hali ya wastani ya chakula)","column":"hali ya chakula vijiji_(hali ya wastani ya chakula)","type":"java.lang.Double","hidden":false,"meta":false}],"rows":[["2012July","01 Jul 2012 to 30 Jun 2013","2012July","","TJBqTEAnLys","Tabora","","","June 2014","Tanzania","No","178.0","756.0","148.0"],["2012July","01 Jul 2012 to 30 Jun 2013","2012July","","xA4ZniCM17O","Dodoma","","","June 2014","Tanzania","No","107.0","84.0","30.0"],["2012July","01 Jul 2012 to 30 Jun 2013","2012July","","S4WbqR1P0dA","Geita","","","June 2014","Tanzania","No","82.0","22.0","21.0"],["2012July","01 Jul 2012 to 30 Jun 2013","2012July","","jsmCsZqDV8r","Dar es salaam","","","June 2014","Tanzania","No","13.0","65.0","15.0"],["2012July","01 Jul 2012 to 30 Jun 2013","2012July","","k5Xsii5SdeH","Iringa","","","June 2014","Tanzania","No","24.0","20.0","24.0"],["2012July","01 Jul 2012 to 30 Jun 2013","2012July","","XzFnG3cxNcB","Simiyu","","","June 2014","Tanzania","No","224.0","85.0","5184.0"],["2012July","01 Jul 2012 to 30 Jun 2013","2012July","","mBBKzZonsgl","Katavi","","","June 2014","Tanzania","No","113.0","26.0","98.0"],["2012July","01 Jul 2012 to 30 Jun 2013","2012July","","BdN28yT5pWy","Manyara","","","June 2014","Tanzania","No","279.0","96.0","88117.0"],["2012July","01 Jul 2012 to 30 Jun 2013","2012July","","zs9X8YYBOnK","Tanzania","","","June 2014","Tanzania","No","7991.0","1327.0","94060.0"]],"height":9,"width":14}